{"player1Position":{"x":0.4922623038291931,"y":0.10002708435058594,"z":-0.37712979316711428},"player2Position":{"x":-0.5296812653541565,"y":0.10001832246780396,"z":4.021449565887451}}